{"cameraMode":{"drawMode":0,"name":"Shaded","section":"Shading Mode"},"sceneLighting":true,"audioPlay":false,"sceneViewState":{"m_AlwaysRefresh":false,"showFog":true,"showSkybox":true,"showFlares":true,"showImageEffects":true,"showParticleSystems":true,"showVisualEffectGraphs":true,"m_FxEnabled":true},"in2DMode":false,"pivot":{"x":-1.385298728942871,"y":-8.015813827514649,"z":4.771963596343994},"rotation":{"x":-0.4053790271282196,"y":-0.005502544809132814,"z":0.0022550616413354875,"w":-0.9143390655517578},"size":15.374011039733887,"orthographic":false}